tau,h,optimalh_k_ICS,optimalh_I_CS,optimalh_k_ICX,optimalh_I_CX
10.0,1.0,0.005678547829591997,1.4795122727356753,0.014773776525985112,1.0315087010598138
10.0,1.0954773869346734,0.05051144939547159,3.659911882536022,0.07609496685459875,1.7478439118251148
10.0,1.1909547738693467,0.00495353520895917,1.5710419097320412,0.012887524132383678,1.0832200132687202
10.0,1.2864321608040201,0.05051144939547159,3.732707947851483,0.06637948800475621,1.7551735829847657
10.0,1.3819095477386933,0.00495353520895917,1.6529894624445118,0.012887524132383678,1.1294190213237125
10.0,1.4773869346733668,0.04406236427773573,3.795157464206775,0.06637948800475621,1.760885369691593
10.0,1.5728643216080402,0.004321089088750567,1.7241534522073236,0.011242100350620862,1.1707783984105573
10.0,1.6683417085427137,0.03843667067526157,3.851032941478179,0.057904439806024895,1.765436603442283
10.0,1.763819095477387,0.004321089088750567,1.7841736525316156,0.011242100350620862,1.2078615356876166
10.0,1.8592964824120601,0.03843667067526157,3.899215154521637,0.05051144939547159,1.769020623494646
10.0,1.9547738693467336,0.0037693909753883635,1.8355159440764435,0.009806757216915775,1.2411204904208413
10.0,2.050251256281407,0.033529241492495566,3.939432308925258,0.05051144939547159,1.771875011030285
10.0,2.1457286432160805,0.0032881313098424274,1.877858530486188,0.008554672535565685,1.2708093615648715
10.0,2.241206030150754,0.029248371810351573,3.9773210098759657,0.04406236427773573,1.774160999121156
10.0,2.3366834170854274,0.0032881313098424274,1.9139360757145325,0.007462448653723031,1.2975518767529661
10.0,2.4321608040201004,0.0255140652003129,4.006549067950791,0.03843667067526157,1.7759847960315622
10.0,2.527638190954774,0.002868316813342012,1.945245033318487,0.005678547829591997,1.322138149062376
10.0,2.6231155778894473,0.0255140652003129,4.028155583395502,0.03843667067526157,1.7772991868003531
10.0,2.7185929648241203,0.002868316813342012,1.971676566754526,0.00495353520895917,1.3446611491996912
10.0,2.8140703517587937,0.019414919457438815,4.049598611602578,0.033529241492495566,1.7783496332748316
10.0,2.909547738693467,0.0025021024303602817,1.9951524088512866,0.00495353520895917,1.3649351324032797
10.0,3.0050251256281406,0.01693610584916738,4.063587632972968,0.029248371810351573,1.7791652725712026
10.0,3.100502512562814,0.0021826447283974874,2.0152380147623665,0.004321089088750567,1.3827551864811833
10.0,3.1959798994974875,0.014773776525985112,4.068554045394292,0.0255140652003129,1.779580855929628
10.0,3.291457286432161,0.0021826447283974874,2.0336380212123064,0.004321089088750567,1.3988855194760323
10.0,3.386934673366834,0.012887524132383678,4.0642273993323705,0.0255140652003129,1.7795608424855616
10.0,3.4824120603015074,0.0021826447283974874,2.0500911687455385,0.004321089088750567,1.4129343604031743
10.0,3.577889447236181,0.008554672535565685,4.063348216085872,0.022256538834596835,1.7793903565676579
10.0,3.6733668341708543,0.0019039740150507663,2.0656333107766245,0.0037693909753883635,1.425437247244583
10.0,3.7688442211055277,0.007462448653723031,4.059886366101583,0.01693610584916738,1.779170295305661
10.0,3.8643216080402008,0.0019039740150507663,2.0804910670564984,0.0037693909753883635,1.4366996660630869
10.0,3.959798994974874,0.00650967523045817,4.0395436218796545,0.01693610584916738,1.7787106791449758
10.0,4.055276381909548,0.0019039740150507663,2.094867770168106,0.0037693909753883635,1.4465314520824744
10.0,4.150753768844221,0.005678547829591997,4.007448242097086,0.014773776525985112,1.778066525834263
10.0,4.2462311557788945,0.0019039740150507663,2.10900136999961,0.0032881313098424274,1.455317909994914
10.0,4.341708542713567,0.00495353520895917,3.969548941854766,0.014773776525985112,1.7772413749003784
10.0,4.4371859296482405,0.0019039740150507663,2.1229923526409755,0.0032881313098424274,1.4634112505225294
10.0,4.532663316582914,0.004321089088750567,3.9311482833747666,0.012887524132383678,1.775744111259457
10.0,4.628140703517587,0.0019039740150507663,2.136834707398145,0.0032881313098424274,1.4705392368599663
10.0,4.723618090452261,0.0037693909753883635,3.8898237813684124,0.012887524132383678,1.7738500247791087
10.0,4.819095477386934,0.0019039740150507663,2.150432481668463,0.0032881313098424274,1.4768342828306391
10.0,4.914572864321608,0.004321089088750567,3.8491620568889107,0.007462448653723031,1.7719436135522137
10.0,5.010050251256281,0.0016608827826277166,2.1636590866000756,0.002868316813342012,1.4828511943275073
10.0,5.105527638190955,0.0037693909753883635,3.8180888725722877,0.00650967523045817,1.7708171243379374
10.0,5.201005025125628,0.0016608827826277166,2.176514901933346,0.002868316813342012,1.48822058472199
10.0,5.296482412060302,0.0032881313098424274,3.7845713409430193,0.005678547829591997,1.7690795260720278
10.0,5.391959798994975,0.0016608827826277166,2.188915058882239,0.002868316813342012,1.4929014944047907
10.0,5.4874371859296485,0.0025021024303602817,3.7440149211461207,0.005678547829591997,1.7669191950436605
10.0,5.582914572864322,0.0014488283956730537,2.199747809509303,0.0025021024303602817,1.497199769857291
10.0,5.6783919597989945,0.0019039740150507663,3.6968695840466097,0.005678547829591997,1.7644456821637602
10.0,5.773869346733668,0.0012638482029342971,2.207556484229816,0.0025021024303602817,1.5011576621922549
10.0,5.869346733668341,0.0014488283956730537,3.645341347826719,0.00495353520895917,1.7616964637452353
10.0,5.964824120603015,0.0011024854874674263,2.211804816414556,0.0025021024303602817,1.5046712839900633
10.0,6.060301507537688,0.0016608827826277166,3.598936906843826,0.004321089088750567,1.7579932528429953
10.0,6.155778894472362,0.0008389359662650986,2.213348324058731,0.0021826447283974874,1.5078357502526796
10.0,6.251256281407035,0.0014488283956730537,3.548022913767917,0.004321089088750567,1.753676174478676
10.0,6.346733668341709,0.0008389359662650986,2.213092857522366,0.0021826447283974874,1.5109826017486978
10.0,6.442211055276382,0.0011024854874674263,3.50031858914182,0.0037693909753883635,1.748491671651165
10.0,6.5376884422110555,0.0007318242219076182,2.212202533430467,0.0021826447283974874,1.5137847907152195
10.0,6.633165829145728,0.0016608827826277166,3.462587712985571,0.0037693909753883635,1.742689663593692
10.0,6.7286432160804015,0.0007318242219076182,2.210980411277073,0.0021826447283974874,1.5162601479018618
10.0,6.824120603015075,0.0012638482029342971,3.4239322179215943,0.0032881313098424274,1.7368407626243898
10.0,6.919597989949748,0.0006383880454607353,2.2097172642295244,0.0019039740150507663,1.518658283112898
10.0,7.015075376884422,0.0009617248711152964,3.3854231240533332,0.002868316813342012,1.7303652702157926
10.0,7.110552763819095,0.0006383880454607353,2.2084998190964185,0.0019039740150507663,1.5208710706845086
10.0,7.206030150753769,0.0007318242219076182,3.3429795794305313,0.002868316813342012,1.7237829518828198
10.0,7.301507537688442,0.0006383880454607353,2.207350698999143,0.0019039740150507663,1.5226964470056377
10.0,7.396984924623116,0.0009617248711152964,3.3053567903242462,0.0025021024303602817,1.7164823443134056
10.0,7.492462311557789,0.0005568813990945267,2.2064389243402505,0.0016608827826277166,1.524292941158223
10.0,7.5879396984924625,0.0007318242219076182,3.2655205971266272,0.0021826447283974874,1.708735433140819
10.0,7.683417085427135,0.0005568813990945267,2.206062670345433,0.0016608827826277166,1.52545896400795
10.0,7.7788944723618085,0.0009617248711152964,3.2296115188775625,0.0021826447283974874,1.7006975529758441
10.0,7.874371859296482,0.0005568813990945267,2.2062334392130447,0.0014488283956730537,1.5262353860724598
10.0,7.969849246231155,0.0012638482029342971,3.197091019701392,0.0019039740150507663,1.6926309998168074
10.0,8.065326633165828,0.00048578117159706736,2.206047447881128,0.0014488283956730537,1.526867834546528
10.0,8.160804020100503,0.0009617248711152964,3.1675042196698038,0.0019039740150507663,1.6843171849835743
10.0,8.256281407035175,0.0004237587160604063,2.204891801681353,0.0014488283956730537,1.527167844121463
10.0,8.35175879396985,0.0007318242219076182,3.135163827613806,0.0016608827826277166,1.6761435072797202
10.0,8.447236180904522,0.00032245905452963947,2.202325914167174,0.0012638482029342971,1.5274177298670182
10.0,8.542713567839197,0.0008389359662650986,3.1049971520730475,0.0014488283956730537,1.667748586984981
10.0,8.638190954773869,0.00028128886609642633,2.198599296545003,0.0012638482029342971,1.5274848861587949
10.0,8.733668341708542,0.0011024854874674263,3.0824282067114366,0.0014488283956730537,1.6591888518147342
10.0,8.829145728643216,0.0002140466694217523,2.1935071037846936,0.0011024854874674263,1.5273046699635897
10.0,8.924623115577889,0.0008389359662650986,3.0544481880641934,0.0012638482029342971,1.6507776762377766
10.0,9.020100502512562,0.00018671810912919206,2.1871381045338523,0.0011024854874674263,1.5269308575503135
10.0,9.115577889447236,0.0009617248711152964,3.0308843735716193,0.0011024854874674263,1.6422830468967828
10.0,9.21105527638191,0.00014208308325339223,2.179992254834879,0.0009617248711152964,1.5261545190146208
10.0,9.306532663316583,0.0012638482029342971,3.009519390938781,0.0011024854874674263,1.633936476093143
10.0,9.402010050251256,0.00010811807510766077,2.171845167035375,0.0009617248711152964,1.5249075004378496
10.0,9.49748743718593,0.0009617248711152964,2.986662081275903,0.0009617248711152964,1.6255364754547306
10.0,9.592964824120603,9.431402320497317e-05,2.163283392268996,0.0008389359662650986,1.523451747090993
10.0,9.688442211055277,0.0011024854874674263,2.966827998834277,0.0009617248711152964,1.6172179644275733
10.0,9.78391959798995,9.431402320497317e-05,2.1543993317979693,0.0007318242219076182,1.5216056003206189
10.0,9.879396984924623,0.0008389359662650986,2.946859360565412,0.0008389359662650986,1.6092528243459112
10.0,9.974874371859297,8.227241341700473e-05,2.1457709489132086,0.0007318242219076182,1.5195022741610007
10.0,10.07035175879397,0.0009617248711152964,2.927739200300373,0.0007318242219076182,1.6008482771541699
10.0,10.165829145728644,0.00010811807510766077,2.1380361959826897,0.0006383880454607353,1.5173407509636694
10.0,10.261306532663315,0.0007318242219076182,2.9084072955756772,0.0007318242219076182,1.5929775221426619
10.0,10.356783919597989,0.00012394252485211965,2.1318735734629106,0.0005568813990945267,1.5149636263675785
10.0,10.452261306532662,0.0008389359662650986,2.8918078929495135,0.0006383880454607353,1.5850772587248818
10.0,10.547738693467336,0.00010811807510766077,2.126161057289792,0.0005568813990945267,1.512594109346698
10.0,10.64321608040201,0.0009617248711152964,2.872766174661705,0.0005568813990945267,1.577037924241474
10.0,10.738693467336683,9.431402320497317e-05,2.1201381269042843,0.00048578117159706736,1.5100228441714199
10.0,10.834170854271356,0.0007318242219076182,2.8562949223818412,0.00048578117159706736,1.5697521990757606
10.0,10.92964824120603,7.176822469706299e-05,2.113854504247938,0.0004237587160604063,1.5072450472540837
10.0,11.025125628140703,0.0008389359662650986,2.8390970518875607,0.00048578117159706736,1.5617352903152288
10.0,11.120603015075377,6.260516572014815e-05,2.1070348245141712,0.0004237587160604063,1.504288282363081
10.0,11.21608040201005,0.0006383880454607353,2.8224213221587764,0.0003696550215126699,1.554641435776778
10.0,11.311557788944723,4.7639380104013405e-05,2.0998468649967954,0.0003696550215126699,1.5011896589348288
10.0,11.407035175879397,0.0007318242219076182,2.8068084895160883,0.0004237587160604063,1.5469228455112802
10.0,11.50251256281407,4.1556988469563484e-05,2.0921487379394814,0.00032245905452963947,1.4979099160336715
10.0,11.597989949748744,0.0008389359662650986,2.7882783809198113,0.00028128886609642633,1.5399843950440464
10.0,11.693467336683417,3.1622776601683795e-05,2.0842196905446473,0.00028128886609642633,1.4944833399885993
10.0,11.78894472361809,0.0006383880454607353,2.7738523431704887,0.00032245905452963947,1.5327135599473
10.0,11.884422110552764,3.1622776601683795e-05,2.075128563247507,0.00024537511066398166,1.4909451217784842
10.0,11.979899497487438,0.0007318242219076182,2.7570291824806565,0.00024537511066398166,1.5259345937096074
10.0,12.075376884422111,3.1622776601683795e-05,2.065182117201724,0.0002140466694217523,1.487327722875597
10.0,12.170854271356784,0.0004237587160604063,2.742301670699065,0.00018671810912919206,1.518479288551275
10.0,12.266331658291456,3.1622776601683795e-05,2.0556241609115156,0.0002140466694217523,1.4836882383062542
10.0,12.36180904522613,0.00032245905452963947,2.7272576903409025,0.00018671810912919206,1.5120888612710162
10.0,12.457286432160803,3.1622776601683795e-05,2.0471404244508618,0.00018671810912919206,1.4800669977026382
10.0,12.552763819095476,0.0003696550215126699,2.7129913968487536,0.00014208308325339223,1.505535479839626
10.0,12.64824120603015,3.1622776601683795e-05,2.0397731963459815,0.00016287874214985498,1.4764137963302284
10.0,12.743718592964823,0.00028128886609642633,2.6986771402984706,0.00016287874214985498,1.4989940989536272
10.0,12.839195979899497,3.1622776601683795e-05,2.0329166821175098,0.00014208308325339223,1.4727319318955499
10.0,12.93467336683417,0.0004237587160604063,2.6836031590543117,0.00012394252485211965,1.492850029073826
10.0,13.030150753768844,3.1622776601683795e-05,2.025683688699582,0.00012394252485211965,1.4690217162157275
10.0,13.125628140703517,0.00024537511066398166,2.6709221071240288,9.431402320497317e-05,1.4862688483872195
10.0,13.22110552763819,3.1622776601683795e-05,2.0175427908655954,0.00010811807510766077,1.465282334988636
10.0,13.316582914572864,0.0003696550215126699,2.656120236150814,0.00010811807510766077,1.4801876511821368
10.0,13.412060301507537,3.1622776601683795e-05,2.0086674873684114,0.00010811807510766077,1.4615325211475558
10.0,13.507537688442211,0.0002140466694217523,2.6440392965378727,8.227241341700473e-05,1.4741830271456147
10.0,13.603015075376884,3.1622776601683795e-05,1.9997142544658422,9.431402320497317e-05,1.4577536431164946
10.0,13.698492462311558,0.00024537511066398166,2.6280152825689544,6.260516572014815e-05,1.4674911250402825
10.0,13.793969849246231,3.1622776601683795e-05,1.9912830383827682,8.227241341700473e-05,1.4539491892662952
10.0,13.889447236180905,0.00018671810912919206,2.6176379311405786,7.176822469706299e-05,1.4621683760967128
10.0,13.984924623115578,3.1622776601683795e-05,1.9835456284086113,7.176822469706299e-05,1.450127379423201
10.0,14.080402010050252,0.00028128886609642633,2.6007284487405076,5.4612006795364095e-05,1.456123079109955
10.0,14.175879396984925,3.1622776601683795e-05,1.9762490803487214,6.260516572014815e-05,1.446296970321235
10.0,14.271356783919597,0.00016287874214985498,2.5896894476916943,4.7639380104013405e-05,1.4502848047163903
10.0,14.36683417085427,3.1622776601683795e-05,1.9689692143430932,5.4612006795364095e-05,1.4424664024933114
10.0,14.462311557788944,0.00024537511066398166,2.573326914811843,3.625117049988535e-05,1.4448239023565985
10.0,14.557788944723617,3.1622776601683795e-05,1.9614173100641659,4.7639380104013405e-05,1.43864302448138
10.0,14.65326633165829,0.00018671810912919206,2.563314307447305,4.1556988469563484e-05,1.439022348136234
10.0,14.748743718592964,3.1622776601683795e-05,1.9536167442496033,4.1556988469563484e-05,1.4348325972836118
10.0,14.844221105527637,0.00014208308325339223,2.5444691341313246,3.1622776601683795e-05,1.4339529225000518
10.0,14.93969849246231,3.1622776601683795e-05,1.9458356620407824,4.1556988469563484e-05,1.4310653125578217
10.0,15.035175879396984,0.00016287874214985498,2.5348062557384057,3.625117049988535e-05,1.4278166719485514
10.0,15.130653266331658,3.1622776601683795e-05,1.9383404812752456,3.625117049988535e-05,1.427335300831661
10.0,15.226130653266331,0.00012394252485211965,2.5168641179787175,3.625117049988535e-05,1.4222067050600176
10.0,15.321608040201005,3.1622776601683795e-05,1.9311930926290932,3.1622776601683795e-05,1.4236207842348572
10.0,15.417085427135678,0.00014208308325339223,2.5049091426879877,3.1622776601683795e-05,1.4166601754862476
10.0,15.512562814070352,3.1622776601683795e-05,1.9242493124400235,3.1622776601683795e-05,1.4198168763194752
10.0,15.608040201005025,7.176822469706299e-05,2.494172708710268,3.1622776601683795e-05,1.4110913291737814
10.0,15.703517587939698,3.1622776601683795e-05,1.9173065186583804,3.1622776601683795e-05,1.4158266657737273
10.0,15.798994974874372,9.431402320497317e-05,2.4787951074078984,3.625117049988535e-05,1.4028560732950233
10.0,15.894472361809045,3.1622776601683795e-05,1.9102552524112455,3.1622776601683795e-05,1.4116473454437108
10.0,15.989949748743719,6.260516572014815e-05,2.4720190809292015,3.625117049988535e-05,1.3969315657545351
10.0,16.085427135678394,3.1622776601683795e-05,1.9031341273537503,3.1622776601683795e-05,1.4073013201908466
10.0,16.180904522613066,8.227241341700473e-05,2.4553408145011595,3.1622776601683795e-05,1.391119058447169
10.0,16.276381909547737,3.1622776601683795e-05,1.8960659445468444,3.1622776601683795e-05,1.4028184302504356
10.0,16.371859296482413,5.4612006795364095e-05,2.4487901291281284,3.1622776601683795e-05,1.3855476954967103
10.0,16.467336683417084,3.1622776601683795e-05,1.889139036379534,3.1622776601683795e-05,1.3982152867441346
10.0,16.562814070351756,7.176822469706299e-05,2.432765051513666,3.1622776601683795e-05,1.3772212817801268
10.0,16.65829145728643,3.1622776601683795e-05,1.882338885963256,3.1622776601683795e-05,1.3934885771578756
10.0,16.753768844221106,4.7639380104013405e-05,2.4246663202013194,3.625117049988535e-05,1.3690063593432664
10.0,16.849246231155778,3.1622776601683795e-05,1.8755760224874622,3.1622776601683795e-05,1.3886249294624133
10.0,16.94472361809045,6.260516572014815e-05,2.4099950874726694,3.1622776601683795e-05,1.3624944367065424
10.0,17.040201005025125,3.1622776601683795e-05,1.8687642413707695,3.1622776601683795e-05,1.3836159768028478
10.0,17.1356783919598,4.1556988469563484e-05,2.3998352666980436,3.1622776601683795e-05,1.3572081577830735
10.0,17.231155778894472,3.1622776601683795e-05,1.8618784785617721,3.1622776601683795e-05,1.3784663187413153
10.0,17.326633165829143,5.4612006795364095e-05,2.3865962844635207,3.1622776601683795e-05,1.3496321062527454
10.0,17.42211055276382,3.1622776601683795e-05,1.8549563398912754,3.1622776601683795e-05,1.3731904585340524
10.0,17.51758793969849,3.625117049988535e-05,2.374676463303847,3.1622776601683795e-05,1.3404938040474448
10.0,17.613065326633166,3.1622776601683795e-05,1.8480515865135552,3.1622776601683795e-05,1.3678031622037918
10.0,17.708542713567837,3.625117049988535e-05,2.3628514080730754,3.1622776601683795e-05,1.3321026555439452
10.0,17.804020100502512,3.1622776601683795e-05,1.8411824522857065,3.1622776601683795e-05,1.362311577612048
10.0,17.899497487437184,3.1622776601683795e-05,2.3504284274334784,3.1622776601683795e-05,1.3258339820239395
10.0,17.99497487437186,3.1622776601683795e-05,1.8343188312834746,3.1622776601683795e-05,1.3567148782916219
10.0,18.09045226130653,3.1622776601683795e-05,2.338946605251042,3.1622776601683795e-05,1.3196953210682316
10.0,18.185929648241206,3.1622776601683795e-05,1.8274126700268392,3.1622776601683795e-05,1.351010229611694
10.0,18.281407035175878,3.625117049988535e-05,2.324134316345158,3.1622776601683795e-05,1.3114335645233741
10.0,18.376884422110553,3.1622776601683795e-05,1.8204372359723873,3.1622776601683795e-05,1.3451991530045762
10.0,18.472361809045225,3.625117049988535e-05,2.3134940219007927,3.1622776601683795e-05,1.3020900523364287
10.0,18.5678391959799,3.1622776601683795e-05,1.8134014141909374,3.1622776601683795e-05,1.3392894825710069
10.0,18.66331658291457,3.1622776601683795e-05,2.3026199214783887,3.1622776601683795e-05,1.2934082007826393
10.0,18.758793969849247,3.1622776601683795e-05,1.806333131037441,3.1622776601683795e-05,1.3332924294933652
10.0,18.85427135678392,3.1622776601683795e-05,2.290160014381017,3.1622776601683795e-05,1.2865956178031865
10.0,18.949748743718594,3.1622776601683795e-05,1.7992510933457169,3.1622776601683795e-05,1.3272178378983006
10.0,19.045226130653266,3.1622776601683795e-05,2.2760118665432265,3.1622776601683795e-05,1.2802711077185078
10.0,19.14070351758794,3.1622776601683795e-05,1.7921498755727876,3.1622776601683795e-05,1.3210714412121134
10.0,19.236180904522612,3.625117049988535e-05,2.2615062187678405,3.1622776601683795e-05,1.2722666253126262
10.0,19.331658291457288,3.1622776601683795e-05,1.7850083403749597,3.1622776601683795e-05,1.3148557390982987
10.0,19.42713567839196,3.1622776601683795e-05,2.2485779752289927,3.1622776601683795e-05,1.2630619082976593
10.0,19.52261306532663,3.1622776601683795e-05,1.7778097932632466,3.1622776601683795e-05,1.308573069962392
10.0,19.618090452261306,3.1622776601683795e-05,2.2409871608389875,3.1622776601683795e-05,1.2539456828391657
10.0,19.713567839195978,3.1622776601683795e-05,1.7705547150505414,3.1622776601683795e-05,1.3022281489628489
10.0,19.809045226130653,3.1622776601683795e-05,2.2266548984337966,3.1622776601683795e-05,1.2461806064974397
10.0,19.904522613065325,3.1622776601683795e-05,1.7632574474404263,3.1622776601683795e-05,1.2958283835311577
10.0,20.0,3.1622776601683795e-05,2.2110624232187854,3.1622776601683795e-05,1.239815978853233
600.0,1.0,3.1622776601683795e-05,1.7559328755281691,3.1622776601683795e-05,1.2893822059170117
600.0,1.0954773869346734,3.625117049988535e-05,2.19656726810562,3.1622776601683795e-05,1.2328114362360265
600.0,1.1909547738693467,3.1622776601683795e-05,1.7485854405269567,3.1622776601683795e-05,1.282896933336529
600.0,1.2864321608040201,3.1622776601683795e-05,2.1828095625761543,3.1622776601683795e-05,1.2243747329910182
600.0,1.3819095477386933,3.1622776601683795e-05,1.7412087105675207,3.1622776601683795e-05,1.2763777060163926
600.0,1.4773869346733668,3.1622776601683795e-05,2.1764751779760556,3.1622776601683795e-05,1.215323074797869
600.0,1.5728643216080402,3.1622776601683795e-05,1.7337940373045586,3.1622776601683795e-05,1.2698280637373125
600.0,1.6683417085427137,3.1622776601683795e-05,2.1637868012732984,3.1622776601683795e-05,1.2065825523166969
600.0,1.763819095477387,3.1622776601683795e-05,1.7263396859809594,3.1622776601683795e-05,1.2632514796773187
600.0,1.8592964824120601,3.1622776601683795e-05,2.1472421710806304,3.1622776601683795e-05,1.19919043727326
600.0,1.9547738693467336,3.1622776601683795e-05,1.7188529986488157,3.1622776601683795e-05,1.2566526065215529
600.0,2.050251256281407,3.1622776601683795e-05,2.1288358945921546,3.1622776601683795e-05,1.1929151911315437
600.0,2.1457286432160805,3.1622776601683795e-05,1.7113451812617408,3.1622776601683795e-05,1.2500374020465626
600.0,2.241206030150754,3.625117049988535e-05,2.1187308764890207,3.1622776601683795e-05,1.1861048352668015
600.0,2.3366834170854274,3.1622776601683795e-05,1.7038240765591703,3.1622776601683795e-05,1.243412199579656
600.0,2.4321608040201004,3.1622776601683795e-05,2.1070866666332315,3.1622776601683795e-05,1.178101701257325
600.0,2.527638190954774,3.1622776601683795e-05,1.6962908030101707,3.1622776601683795e-05,1.2367825045152236
600.0,2.6231155778894473,3.1622776601683795e-05,2.1002741367432405,3.1622776601683795e-05,1.1695123793439084
600.0,2.7185929648241203,3.1622776601683795e-05,1.688742254458635,3.1622776601683795e-05,1.2301524093009435
600.0,2.8140703517587937,3.1622776601683795e-05,2.087395484914036,3.1622776601683795e-05,1.1610286565607635
600.0,2.909547738693467,3.1622776601683795e-05,1.681176605106402,3.1622776601683795e-05,1.2235249832010044
600.0,3.0050251256281406,3.1622776601683795e-05,2.0694554904313325,3.1622776601683795e-05,1.1534704441557633
600.0,3.100502512562814,3.1622776601683795e-05,1.6735969989028934,3.1622776601683795e-05,1.2169032360506198
600.0,3.1959798994974875,3.625117049988535e-05,2.051109806323713,3.1622776601683795e-05,1.1471671340629663
600.0,3.291457286432161,3.1622776601683795e-05,1.666010823465522,3.1622776601683795e-05,1.210290880500507
600.0,3.386934673366834,3.625117049988535e-05,2.042407554824137,3.1622776601683795e-05,1.1410919967091855
600.0,3.4824120603015074,3.1622776601683795e-05,1.6584258641214522,3.1622776601683795e-05,1.2036923596758795
600.0,3.577889447236181,3.1622776601683795e-05,2.0291964872625776,3.1622776601683795e-05,1.1341114000175692
600.0,3.6733668341708543,3.1622776601683795e-05,1.6508467556696331,3.1622776601683795e-05,1.1971121980839978
600.0,3.7688442211055277,3.1622776601683795e-05,2.0240616726673113,3.1622776601683795e-05,1.1263140723191314
600.0,3.8643216080402008,3.1622776601683795e-05,1.6432743318755478,3.1622776601683795e-05,1.1905542151545414
600.0,3.959798994974874,3.1622776601683795e-05,2.0138723497119164,3.1622776601683795e-05,1.1182472856155918
600.0,4.055276381909548,3.1622776601683795e-05,1.6357079084901707,3.1622776601683795e-05,1.1840211905167264
600.0,4.150753768844221,3.1622776601683795e-05,1.998085590624051,3.1622776601683795e-05,1.1104336066591356
600.0,4.2462311557788945,3.1622776601683795e-05,1.6281483177095049,3.1622776601683795e-05,1.1775151836646067
600.0,4.341708542713567,3.1622776601683795e-05,1.9777210339212126,3.1622776601683795e-05,1.1034808864273111
600.0,4.4371859296482405,3.1622776601683795e-05,1.6205992652154524,3.1622776601683795e-05,1.1710382077355042
600.0,4.532663316582914,3.625117049988535e-05,1.9670642155957907,3.1622776601683795e-05,1.0975897752077186
600.0,4.628140703517587,3.1622776601683795e-05,1.613066262681727,3.1622776601683795e-05,1.1645927289294846
600.0,4.723618090452261,3.625117049988535e-05,1.9575142231956146,3.1622776601683795e-05,1.0919068687267839
600.0,4.819095477386934,3.1622776601683795e-05,1.605554352727541,3.1622776601683795e-05,1.1581816473802968
600.0,4.914572864321608,3.1622776601683795e-05,1.946199228784302,3.1622776601683795e-05,1.0855031518157683
600.0,5.010050251256281,3.1622776601683795e-05,1.5980665079441616,3.1622776601683795e-05,1.151807824803099
600.0,5.105527638190955,3.1622776601683795e-05,1.9413559182111224,3.1622776601683795e-05,1.0783673214007747
600.0,5.201005025125628,3.1622776601683795e-05,1.5906037506971322,3.1622776601683795e-05,1.1454735434771774
600.0,5.296482412060302,3.1622776601683795e-05,1.9310403703017882,3.1622776601683795e-05,1.0709420311503015
600.0,5.391959798994975,3.1622776601683795e-05,1.5831666100871788,3.1622776601683795e-05,1.139180296741367
600.0,5.4874371859296485,3.1622776601683795e-05,1.915412472893965,3.1622776601683795e-05,1.0635918938402356
600.0,5.582914572864322,3.1622776601683795e-05,1.575756602259763,3.1622776601683795e-05,1.1329290367410954
600.0,5.6783919597989945,3.1622776601683795e-05,1.8957677823120749,3.1622776601683795e-05,1.0567217475165678
600.0,5.773869346733668,3.1622776601683795e-05,1.5683766018317056,3.1622776601683795e-05,1.1267206627458146
600.0,5.869346733668341,3.625117049988535e-05,1.8849573336933112,3.1622776601683795e-05,1.0507570087368432
600.0,5.964824120603015,3.1622776601683795e-05,1.5610300029693363,3.1622776601683795e-05,1.1205563812437627
600.0,6.060301507537688,3.625117049988535e-05,1.8774798066071792,3.1622776601683795e-05,1.0454849647170736
600.0,6.155778894472362,3.1622776601683795e-05,1.5537195232687222,3.1622776601683795e-05,1.1144376976546602
600.0,6.251256281407035,3.625117049988535e-05,1.8652555298382283,3.1622776601683795e-05,1.0400696003990693
600.0,6.346733668341709,3.1622776601683795e-05,1.5464466437791158,3.1622776601683795e-05,1.1083660840209095
600.0,6.442211055276382,3.1622776601683795e-05,1.8607966868575296,3.1622776601683795e-05,1.0339607028922428
600.0,6.5376884422110555,3.1622776601683795e-05,1.539212047577926,3.1622776601683795e-05,1.1023425916649794
600.0,6.633165829145728,3.1622776601683795e-05,1.8535002019848372,3.1622776601683795e-05,1.0273263958920575
600.0,6.7286432160804015,3.1622776601683795e-05,1.5320166094884637,3.1622776601683795e-05,1.0963676930777044
600.0,6.824120603015075,3.1622776601683795e-05,1.8408848993266393,3.1622776601683795e-05,1.020522474976513
600.0,6.919597989949748,3.1622776601683795e-05,1.5248620931861852,3.1622776601683795e-05,1.0904414500398765
600.0,7.015075376884422,3.1622776601683795e-05,1.824469778934196,3.1622776601683795e-05,1.013788249051422
600.0,7.110552763819095,3.1622776601683795e-05,1.5177509793351875,3.1622776601683795e-05,1.084563865223765
600.0,7.206030150753769,3.1622776601683795e-05,1.8067332297373375,3.1622776601683795e-05,1.0073955163447197
600.0,7.301507537688442,3.1622776601683795e-05,1.5106855542150859,3.1622776601683795e-05,1.078735159063899
600.0,7.396984924623116,3.625117049988535e-05,1.7998076029531518,3.1622776601683795e-05,1.001680491695946
600.0,7.492462311557789,3.1622776601683795e-05,1.5036669723445266,3.1622776601683795e-05,1.072955791169111
600.0,7.5879396984924625,3.625117049988535e-05,1.7926424187325907,3.1622776601683795e-05,0.996672117292286
600.0,7.683417085427135,3.1622776601683795e-05,1.4966950264678665,3.1622776601683795e-05,1.0672262402183739
600.0,7.7788944723618085,3.625117049988535e-05,1.7808132395360834,3.1622776601683795e-05,0.9918205897308807
600.0,7.874371859296482,3.1622776601683795e-05,1.4897688429670999,3.1622776601683795e-05,1.0615467225025403
600.0,7.969849246231155,3.1622776601683795e-05,1.7768924537582944,3.1622776601683795e-05,0.9864818626550318
600.0,8.065326633165828,3.1622776601683795e-05,1.482888069913408,3.1622776601683795e-05,1.0559170564220648
600.0,8.160804020100503,3.1622776601683795e-05,1.770574578961964,3.1622776601683795e-05,0.9805969185956398
600.0,8.256281407035175,3.1622776601683795e-05,1.4760537714133215,3.1622776601683795e-05,1.050336760986867
600.0,8.35175879396985,3.1622776601683795e-05,1.7593386966034081,3.1622776601683795e-05,0.9744465712261967
600.0,8.447236180904522,3.1622776601683795e-05,1.469268407165336,3.1622776601683795e-05,1.0448053058309787
600.0,8.542713567839197,3.1622776601683795e-05,1.7449164297874074,3.1622776601683795e-05,0.9682515093375272
600.0,8.638190954773869,3.1622776601683795e-05,1.4625348566332712,3.1622776601683795e-05,1.0393223324457472
600.0,8.733668341708542,3.1622776601683795e-05,1.730166389989741,3.1622776601683795e-05,0.9621570935109163
600.0,8.829145728643216,3.1622776601683795e-05,1.4558550584308207,3.1622776601683795e-05,1.0338877012802061
600.0,8.924623115577889,3.625117049988535e-05,1.716001631824398,3.1622776601683795e-05,0.9563282642105412
600.0,9.020100502512562,3.1622776601683795e-05,1.4492290762366513,3.1622776601683795e-05,1.0285013489205426
600.0,9.115577889447236,3.625117049988535e-05,1.7126089373925304,3.1622776601683795e-05,0.9510325090008334
600.0,9.21105527638191,3.1622776601683795e-05,1.4426551456027523,3.1622776601683795e-05,1.0231630683797808
600.0,9.306532663316583,3.625117049988535e-05,1.7043556791361163,3.1622776601683795e-05,0.9463619434452716
600.0,9.402010050251256,3.1622776601683795e-05,1.4361306905248594,3.1622776601683795e-05,1.0178723694911653
600.0,9.49748743718593,3.1622776601683795e-05,1.6928128470503456,3.1622776601683795e-05,0.9419013621303816
600.0,9.592964824120603,3.1622776601683795e-05,1.429653758453898,3.1622776601683795e-05,1.0126285128985715
600.0,9.688442211055277,3.1622776601683795e-05,1.6910469383794775,3.1622776601683795e-05,0.9371207879153656
600.0,9.78391959798995,3.1622776601683795e-05,1.4232241018966991,3.1622776601683795e-05,1.0074306895926173
600.0,9.879396984924623,3.1622776601683795e-05,1.68459210689963,3.1622776601683795e-05,0.9318748260735894
600.0,9.974874371859297,3.1622776601683795e-05,1.416843349727389,3.1622776601683795e-05,1.0022782237339525
600.0,10.07035175879397,3.1622776601683795e-05,1.673836704870123,3.1622776601683795e-05,0.9263438550380589
600.0,10.165829145728644,3.1622776601683795e-05,1.4105142223052458,3.1622776601683795e-05,0.9971706697449063
600.0,10.261306532663315,3.1622776601683795e-05,1.6616505563536672,3.1622776601683795e-05,0.9207313399441044
600.0,10.356783919597989,3.1622776601683795e-05,1.404239238731734,3.1622776601683795e-05,0.9921077511328763
600.0,10.452261306532662,3.1622776601683795e-05,1.6490163088748369,3.1622776601683795e-05,0.915145948072036
600.0,10.547738693467336,3.1622776601683795e-05,1.3980195747254371,3.1622776601683795e-05,0.9870891910350306
600.0,10.64321608040201,3.1622776601683795e-05,1.6341221976490616,3.1622776601683795e-05,0.9096425864971726
600.0,10.738693467336683,3.1622776601683795e-05,1.391854589398172,3.1622776601683795e-05,0.9821145469904832
600.0,10.834170854271356,3.625117049988535e-05,1.62828015905551,3.1622776601683795e-05,0.9043672434906643
600.0,10.92964824120603,3.1622776601683795e-05,1.3857421678193083,3.1622776601683795e-05,0.9771831508980015
600.0,11.025125628140703,3.625117049988535e-05,1.623023541694939,3.1622776601683795e-05,0.8995439933868563
600.0,11.120603015075377,3.1622776601683795e-05,1.3796796294919234,3.1622776601683795e-05,0.9722941833812287
600.0,11.21608040201005,3.625117049988535e-05,1.6138904453264078,3.1622776601683795e-05,0.8952178821854326
600.0,11.311557788944723,3.1622776601683795e-05,1.3736647270981968,3.1622776601683795e-05,0.9674468288311467
600.0,11.407035175879397,3.1622776601683795e-05,1.606617485274156,3.1622776601683795e-05,0.8911041544037919
600.0,11.50251256281407,3.1622776601683795e-05,1.3676962990466284,3.1622776601683795e-05,0.9626404145269027
600.0,11.597989949748744,3.1622776601683795e-05,1.603487209320737,3.1622776601683795e-05,0.8867981014504883
600.0,11.693467336683417,3.1622776601683795e-05,1.3617743817199321,3.1622776601683795e-05,0.9578744561760724
600.0,11.78894472361809,3.1622776601683795e-05,1.5966488886186903,3.1622776601683795e-05,0.8821314618728808
600.0,11.884422110552764,3.1622776601683795e-05,1.3558998671542941,3.1622776601683795e-05,0.9531485950462442
600.0,11.979899497487438,3.1622776601683795e-05,1.5873335424107076,3.1622776601683795e-05,0.8771984552150469
600.0,12.075376884422111,3.1622776601683795e-05,1.3500739603740302,3.1622776601683795e-05,0.9484624766302313
600.0,12.170854271356784,3.1622776601683795e-05,1.5772500877261824,3.1622776601683795e-05,0.8721629504873144
600.0,12.266331658291456,3.1622776601683795e-05,1.3442976954737513,3.1622776601683795e-05,0.9438156491111531
600.0,12.36180904522613,3.1622776601683795e-05,1.5657167771674763,3.1622776601683795e-05,0.8671176965006079
600.0,12.457286432160803,3.1622776601683795e-05,1.3385716521780062,3.1622776601683795e-05,0.9392075389599425
600.0,12.552763819095476,3.1622776601683795e-05,1.5524828711370533,3.1622776601683795e-05,0.8621039168065288
600.0,12.64824120603015,3.1622776601683795e-05,1.3328958669598918,3.1622776601683795e-05,0.9346375085510494
600.0,12.743718592964823,3.625117049988535e-05,1.542006855819768,3.1622776601683795e-05,0.8571766702450091
600.0,12.839195979899497,3.1622776601683795e-05,1.3272698455586371,3.1622776601683795e-05,0.9301049513846082
600.0,12.93467336683417,3.625117049988535e-05,1.538500966678876,3.1622776601683795e-05,0.8524427265774257
600.0,13.030150753768844,3.1622776601683795e-05,1.3216925948014002,3.1622776601683795e-05,0.9256093631344873
600.0,13.125628140703517,3.625117049988535e-05,1.5323287331922177,3.1622776601683795e-05,0.8480418082192409
600.0,13.22110552763819,3.1622776601683795e-05,1.3161626658132013,3.1622776601683795e-05,0.9211503476294634
600.0,13.316582914572864,3.625117049988535e-05,1.524374208286881,3.1622776601683795e-05,0.8440265058223739
600.0,13.412060301507537,3.1622776601683795e-05,1.3106782651288973,3.1622776601683795e-05,0.9167275594070637
600.0,13.507537688442211,3.1622776601683795e-05,1.5190183249095708,3.1622776601683795e-05,0.8402423490817359
600.0,13.603015075376884,3.1622776601683795e-05,1.3052374928716737,3.1622776601683795e-05,0.9123406220539934
600.0,13.698492462311558,3.1622776601683795e-05,1.514830869157058,3.1622776601683795e-05,0.8364079404583258
600.0,13.793969849246231,3.1622776601683795e-05,1.2998387052715121,3.1622776601683795e-05,0.9079890735514791
600.0,13.889447236180905,3.1622776601683795e-05,1.5089097504269762,3.1622776601683795e-05,0.8323319745126404
600.0,13.984924623115578,3.1622776601683795e-05,1.2944809092745344,3.1622776601683795e-05,0.9036723717374284
600.0,14.080402010050252,3.1622776601683795e-05,1.5016791031806274,3.1622776601683795e-05,0.8280177321835556
600.0,14.175879396984925,3.1622776601683795e-05,1.289164034118308,3.1622776601683795e-05,0.8993899570159087
600.0,14.271356783919597,3.1622776601683795e-05,1.493037346317096,3.1622776601683795e-05,0.8235673988110874
600.0,14.36683417085427,3.1622776601683795e-05,1.2838889348839664,3.1622776601683795e-05,0.8951413367666612
600.0,14.462311557788944,3.1622776601683795e-05,1.4827678666143784,3.1622776601683795e-05,0.8190766654973614
600.0,14.557788944723617,3.1622776601683795e-05,1.278657075800341,3.1622776601683795e-05,0.8909261444901907
600.0,14.65326633165829,3.1622776601683795e-05,1.471440251065175,3.1622776601683795e-05,0.8145972579109915
600.0,14.748743718592964,3.1622776601683795e-05,1.2734699757681032,3.1622776601683795e-05,0.8867441415622133
600.0,14.844221105527637,3.1622776601683795e-05,1.4607532451672856,3.1622776601683795e-05,0.8101611486599687
600.0,14.93969849246231,3.1622776601683795e-05,1.2683286061427355,3.1622776601683795e-05,0.8825951608766988
600.0,15.035175879396984,3.625117049988535e-05,1.452821773615848,3.1622776601683795e-05,0.8057960791195679
600.0,15.130653266331658,3.1622776601683795e-05,1.26323295719565,3.1622776601683795e-05,0.8784790218469769
600.0,15.226130653266331,3.625117049988535e-05,1.4485189391704587,3.1622776601683795e-05,0.8015536322577224
600.0,15.321608040201005,3.1622776601683795e-05,1.2581819246562933,3.1622776601683795e-05,0.8743954594992659
600.0,15.417085427135678,3.625117049988535e-05,1.443424603178108,3.1622776601683795e-05,0.7975133134504203
600.0,15.512562814070352,3.1622776601683795e-05,1.2531735435988127,3.1622776601683795e-05,0.8703441010493896
600.0,15.608040201005025,3.625117049988535e-05,1.4373761979727995,3.1622776601683795e-05,0.7937484541112274
600.0,15.703517587939698,3.1622776601683795e-05,1.2482054685777946,3.1622776601683795e-05,0.8663244978394722
600.0,15.798994974874372,3.1622776601683795e-05,1.4314897195616378,3.1622776601683795e-05,0.7902448573082095
600.0,15.894472361809045,3.1622776601683795e-05,1.243275519619853,3.1622776601683795e-05,0.8623361930767222
600.0,15.989949748743719,3.1622776601683795e-05,1.4270395177739374,3.1622776601683795e-05,0.7868543125988773
600.0,16.085427135678394,3.1622776601683795e-05,1.238382112327113,3.1622776601683795e-05,0.858378790410111
600.0,16.180904522613066,3.1622776601683795e-05,1.4226088447894576,3.1622776601683795e-05,0.7833851424581213
600.0,16.276381909547737,3.1622776601683795e-05,1.2335244584985487,3.1622776601683795e-05,0.8544519914232196
600.0,16.371859296482413,3.1622776601683795e-05,1.4172952932687952,3.1622776601683795e-05,0.7797288612423091
600.0,16.467336683417084,3.1622776601683795e-05,1.2287025225417576,3.1622776601683795e-05,0.8505555881287638
600.0,16.562814070351756,3.1622776601683795e-05,1.410477068702619,3.1622776601683795e-05,0.775903129798405
600.0,16.65829145728643,3.1622776601683795e-05,1.2239168030099483,3.1622776601683795e-05,0.8466894192143549
600.0,16.753768844221106,3.1622776601683795e-05,1.4021597738247151,3.1622776601683795e-05,0.7719852920200074
600.0,16.849246231155778,3.1622776601683795e-05,1.2191680482422793,3.1622776601683795e-05,0.8428533148945135
600.0,16.94472361809045,3.1622776601683795e-05,1.3927446953299705,3.1622776601683795e-05,0.76804212931909
600.0,17.040201005025125,3.1622776601683795e-05,1.214457004944818,3.1622776601683795e-05,0.8390470579639584
600.0,17.1356783919598,3.1622776601683795e-05,1.3834753886439275,3.1622776601683795e-05,0.7641183439187511
600.0,17.231155778894472,3.1622776601683795e-05,1.2097842534015766,3.1622776601683795e-05,0.8352703781292176
600.0,17.326633165829143,3.1622776601683795e-05,1.375254930957071,3.1622776601683795e-05,0.7602304197193093
600.0,17.42211055276382,3.1622776601683795e-05,1.2051501289333575,3.1622776601683795e-05,0.8315229790948258
600.0,17.51758793969849,3.1622776601683795e-05,1.3687606800000298,3.1622776601683795e-05,0.756393801213411
600.0,17.613065326633166,3.1622776601683795e-05,1.2005546927185682,3.1622776601683795e-05,0.8278045820240594
600.0,17.708542713567837,3.1622776601683795e-05,1.3638086962138278,3.1622776601683795e-05,0.7526217511805289
600.0,17.804020100502512,3.1622776601683795e-05,1.1959977110211253,3.1622776601683795e-05,0.8241149620933756
600.0,17.899497487437184,3.1622776601683795e-05,1.3590150992394563,3.1622776601683795e-05,0.7489339774656854
600.0,17.99497487437186,3.1622776601683795e-05,1.1914786261678543,3.1622776601683795e-05,0.820453959388032
600.0,18.09045226130653,3.1622776601683795e-05,1.3534237755046792,3.1622776601683795e-05,0.7453836457202803
600.0,18.185929648241206,3.1622776601683795e-05,1.1869965360064496,3.1622776601683795e-05,0.8168214584190003
600.0,18.281407035175878,3.1622776601683795e-05,1.3474030042256602,3.1622776601683795e-05,0.7420343045966871
600.0,18.376884422110553,3.1622776601683795e-05,1.1825502191875203,3.1622776601683795e-05,0.8132173455677669
600.0,18.472361809045225,3.1622776601683795e-05,1.342064449909382,3.1622776601683795e-05,0.7388968721722049
600.0,18.5678391959799,3.1622776601683795e-05,1.1781382390590922,3.1622776601683795e-05,0.8096414638751048
600.0,18.66331658291457,3.1622776601683795e-05,1.3377765653099,3.1622776601683795e-05,0.7358869448828651
600.0,18.758793969849247,3.1622776601683795e-05,1.173759130882946,3.1622776601683795e-05,0.8060935855219493
600.0,18.85427135678392,3.1622776601683795e-05,1.3338519525312265,3.1622776601683795e-05,0.7328643369993054
600.0,18.949748743718594,3.1622776601683795e-05,1.1694116385831976,3.1622776601683795e-05,0.8025734141616091
600.0,19.045226130653266,3.1622776601683795e-05,1.3294254764258597,3.1622776601683795e-05,0.7297245368911447
600.0,19.14070351758794,3.1622776601683795e-05,1.1650949366376175,3.1622776601683795e-05,0.7990806160242447
600.0,19.236180904522612,3.1622776601683795e-05,1.3237861260422155,3.1622776601683795e-05,0.7264459680750428
600.0,19.331658291457288,3.1622776601683795e-05,1.1608087656864274,3.1622776601683795e-05,0.7956148664803067
600.0,19.42713567839196,3.1622776601683795e-05,1.3169252882456761,3.1622776601683795e-05,0.7230697579506717
600.0,19.52261306532663,3.1622776601683795e-05,1.1565534324176534,3.1622776601683795e-05,0.7921758927641451
600.0,19.618090452261306,3.1622776601683795e-05,1.3095812304223011,3.1622776601683795e-05,0.7196562655047369
600.0,19.713567839195978,3.1622776601683795e-05,1.1523296672060916,3.1622776601683795e-05,0.788763496007494
600.0,19.809045226130653,3.1622776601683795e-05,1.301968502808087,3.1622776601683795e-05,0.7162405756057717
600.0,19.904522613065325,3.1622776601683795e-05,1.1481383791220643,3.1622776601683795e-05,0.7853775450180456
600.0,20.0,3.1622776601683795e-05,1.2947599124601532,3.1622776601683795e-05,0.7128444912039642
